4fd061625270154d4b000070	713869	android	unknow	市场（新）	com.oppo.market
4e284037431fe360bd000114	447348	android	unknow	中国象棋	com.cnvcs.App
4e37ef07112cf77bef000008	355836	android	unknow	军棋	com.cnvcs.App
4f863fc752701561d3000002	345005	android	unknow	lelauncher_pad	com.lenovo.launcher
4eeeff655270156e41000006	280207	android	unknow	coolmart	com.yulong.android.coolmart
4e6715c5527015382300000e	245096	android	unknow	拇指玩手机客户端	com.muzhiwan.market
4cbe4c843ea7a3091d064e6e	220604	android	unknow	安卓优化大师	cn.com.opda.android.mainui.MainActivity
5052da0f5270155e44000007	139176	android	unknow	uuLauncher	com.uucun.launcherS3
507fef0f52701534c5000044	136876	android	unknow	Launcher4	com.android.launcher
4df71547431fe330f2000112	136409	android	unknow	斗地主	com.appcate.game.land.MainActivity
51a452e256240bfa320080d7	113348	android	unknow	Princess Salon (G)	com.libiitech.princesssalon
500764205270156f87000089	109876	android	unknow	掌盟互娱安卓版	com.zmapp
4e198878431fe3669c0000d3	107569	android	unknow	五子棋大师	com.cnvcs.App
4f0e6b84527015091100003b	100792	android	unknow	Excel三国杀	excel.ui.ExcelSGS
4f86a6d15270150a51000050	98641	android	unknow	Hawaii2_apk	com.lenovo.leos.hw
4e1700e1431fe33c9e00026f	80114	android	unknow	“乐服务”Avatar版	com.lenovo.service
4fbdce8c52701564c8000013	78887	android	unknow	游戏中心	com.nearme.gamecenter
51385a615270154dd5000037	77280	android	unknow	虚拟医院	com.xmm.surgery
518c70c156240b97260184d5	71310	android	unknow	割绳子玩穿越-Android	com.yodo1.SD006.timetravel
4e424a43431fe35a5600002a	69121	android	unknow	机锋市场	com.onda.gfan.ui.PreloadActivity
519492c756240b3b84008a18	63351	android	unknow	Wedding Salon Google	com.libiitech.weddingsalon
4fd98b265270157ea000002b	62201	android	unknow	PushMsg	com.anony.pushmsg
4fc8779f527015584500000c	60832	android	unknow	刷机精灵助手	com.shuame.sprite
512d661c527015647c000094	60241	android	unknow	GT Game Master 街机游戏	com.ebua.qijr.hahs.ultraman
50f4bd7e5270157c45000585	58250	android	unknow	hayday	air.com.elextech.happyfarm
4f6aefac527015050800002a	47739	android	unknow	腾讯游戏大厅捕鱼大亨Android	com.wooduan.fishtycoon
51370cc4527015716000006d	47397	android	unknow	安卓商店(1_6)  发布	com.tunkoo.market
50dbf8315270153fb6000097	47025	android	unknow	拇指市场	com.zmapp
512dc5a45270155873000009	45955	android	unknow	银河帝国 1_1	com.tap4fun.ge
4d9d91d4112cf75dea000011	41432	android	unknow	程序加密	cn.opda.android.Activity.LoginAppActivity
4df0356e431fe30eb8000077	39465	android	unknow	my电子市场	com.mumayi.market.ui
4f5b8881527015105f000011	37451	android	unknow	普通应用的统计数据	com.zzcs.ads.InsAdvActivity
500ae1485270151360000043	37423	android	unknow	messages	com.iphonestyle.mms
518cc85e56240bb21900203f	37336	android	unknow	诈金花OL	com.sjqpjh_91
4f829d1c527015463b000067	36164	android	unknow	lelauncher	com.lenovo.launcher
51a312ff56240be95d01be82	35874	android	unknow	Princess Salon (A)	com.libiitech.princesssalon
50b6ff4e52701515d60000de	35537	android	unknow	Slots Machine for android	com.geaxgame.slots.casino
519adbed56240b1cb40d34d3	33734	android	unknow	阳光手电筒	com.qqq.www
50191f9552701573b000001d	33457	android	unknow	系统应用	com.android.launcher
510f75e85270157a2e00001d	33028	android	unknow	__Zombie Defense	com.game.zdefense
515255fd56240bba2800a4a2	32712	android	unknow	App locker	com.androidlord.applock.international
519af638527015783f000007	31957	android	unknow	Save My Bird	com.ezjoynetwork.savemybird.GameApp
50fdea515270150d72000116	30845	android	unknow	王者帝国	com.tap4fun.kings_empire
5052db655270152d5b0000a1	30584	android	unknow	uuLockScreen	com.uucun.lockscreen.s3lockscreen
50bdcbdf5270156240000179	29927	android	unknow	泰捷视频TV	com.togic.livevideo
50f6de1f52701568f3000020	29773	android	unknow	指纹解锁	com.eternal.backup.fingerprint
4f59693d52701551a3000004	28693	android	unknow	ChScript	com.guobi.yuanbiji
4ec0b7b652701567350000d8	28651	android	unknow	乐酷市场	com.lecootech.market
50d448bb527015134e00006d	28104	android	unknow	Slots Mania	com.hillsmobile.slotmachine
5137642552701539a7000067	27232	android	unknow	ku_0306	com.spl.ttf2
4ea008855270154cc0000029	27081	android	unknow	快递100-android	com.Express.Activity.Tabs.MyBillsActivity
50dbc57952701532d900003c	25803	android	unknow	阳光手电筒	com.qqq.www
511a42a75270152648000068	23464	android	unknow	果乐直播	com.fc.live
5192026656240bd4ff0006ea	23036	android	unknow	Wedding Salon Amazon	com.libiitech.weddingsalon
51a8617556240b0e7903686f	23017	android	unknow	娱玩-new	com.iyuwan
50f91e3652701543da000003	22863	android	unknow	疯狂答题-腾讯专版	com.itboy.fkdt
5060021252701565fb00026c	22861	android	unknow	5_Bowling	com.woiybvqjope.wfi.ad.
4faf852c52701564d70000b4	22509	android	unknow	放在HappyBayMobi上的应用	com.bestqqk.goodgames.snes_mortalkombat3
519f390556240b7b1700160c	21990	android	unknow	Nail Salon (Google)	com.libiitech.nailsalon
50d73325527015444100004f	21987	android	unknow	单张动态壁纸	com.hichina.livewallpaper.yinghua
507cdd475270157cf100002f	21587	android	unknow	十幅图	com.culiu.tenpics
503b59ae5270151d5a000016	21472	android	unknow	锁屏	com.uucun.weile.lockscreen
4f3b81e0527015345c000063	21316	android	unknow	微盘Android客户端HTC	com.sina.vdisk.htc
51a996ed56240b183d01c337	20336	android	unknow	Ice Pops Maker (G)	com.libiitech.icepops
4e7c188c527015190500001a	19830	android	unknow	智库市场1001	com.sangsou.AppStore.TabHostActivity
5191f0a456240b6ccc000763	19352	android	unknow	兔子桌面	com.luxtone.launcher
50e2a94d52701543ab00001a	19287	android	unknow	魂斗罗4--腾讯--02	com.androidbox.klmkml4null
4f5345c7527015693500003a	19166	android	unknow	shmclient	com.ck.market
5149724e56240b0b37000773	18646	android	unknow	滑板男孩	com.dale.skaterboy
503b59375270154923000070	18586	android	unknow	壁纸	com.uucun.weile.wallpaper
50583a1e5270152d6700038d	18271	android	unknow	单机斗地主	com.pdit.djlord
50e68bb15270153320000002	17747	android	unknow	Bubble Bear	com.dreamstudio.puzzle1.PuzzleActivity
4ea61d2d52701535b800001b	16746	android	unknow	红袖书城-	cn.hongxiu.book.ui.frame.ActivityAppOfferAd
504971af527015730200007b	16243	android	unknow	LWR4	com.android.systemui
516e170656240b68a40018e2	16028	android	unknow	疯狂消星星	net.lazyer.popstar.Wipay
5167b3e356240ba83d01daa3	16027	android	unknow	快播手机电影	com.kbsjdy.qvod
5018c643527015475600000d	15971	android	unknow	Launcher	com.weile.launcher.android
5199d72756240bbc30078aba	15868	android	unknow	SWAT Army	com.meganswork.swatarmy
50f373865270157d79000017	15835	android	unknow	King&Slave_android_FB泰语	com.boyaa.kingslave
5171017856240b4e7b00803e	15433	android	unknow	賽爾號之鬥轉龍珠	com.sd.taomee.tw
4d145d5f3ea7a323b6005549	15432	android	unknow	mobi_ddup_ddcankao参考消息	com.hutuchong.app_news.News
5077a3dd527015572e000023	15244	android	unknow	泡泡龙-移动MM	net.lazyer.WiFrozenBubble.yxjd
514d84f3527015367c000002	14928	android	unknow	5_2_ThumbRacing	com.woiybvqjope.wfi.ad.AdActivity
4e2d259b431fe371ca000003	14704	android	unknow	AndroidTV	com.pplive.androidtv.Main
50191a7a52701573c900001c	14463	android	unknow	浏览器	com.ebensz.browser
5182024056240b159502796a	14180	android	unknow	UlikeBeauty	com.oppo.ubeauty
5021cf775270154199000002	14162	android	unknow	Mountain Moto	com.frame.FrameActivity
4fc5cd4c52701554130000e8	14078	android	unknow	生理期	com.when.calslq.activity
50d19c2f5270150437000040	14048	android	unknow	巨人手机助手（Android版）	giant.activity
4eb0cece527015372f000094	14024	android	unknow	catvsdog	com.junction.fire.gametemplate.GameTemplate
5126e9ac5270156544000068	13931	android	unknow	果乐视频	com.fc.vod
4d626b34112cf7021900bbea	13562	android	unknow	lqsc	com.liqucn.android
5159539356240bb7280413dc	13397	android	unknow	博雅德州扑克-FB越语	com.boyaa.vn
5193139656240b3d260029a7	13224	android	unknow	Widgets	com.easyandroid.widgets
510a7fc45270152920000019	13020	android	unknow	安卓手电筒	com.anzhuoshoudiantong
502b62395270153d8400011b	12834	android	unknow	T5 widget	cn.eben.widget
4ec1da685270154acc000001	12631	android	unknow	ActionSnap	oursky.actionsnap.free
509e1c465270154347000078	12380	android	unknow	Launcher4_0_4	com.android.launcher
514f0b9b56240bfec800593b	12302	android	unknow	Zerg Must Die	com.catstudio.zergmustdie.ZMDActivity
510df07152701561cc000025	12207	android	unknow	安卓手电筒（非苏宁）	com.anzhuoshoudiantong
4f4c8dea5270154ac7000026	12196	android	unknow	酷炫锋	com.dualwin.surfing
4ee8af12527015349e000050	12179	android	com.docin.zlibrary.ui.android	android_开放阅读	com.misono.mmbookreader.MMBookReader
503789e8527015078500026d	12018	android	unknow	安卓商店_正常_发包_1_5	com.tunkoo.market
50ed6f435270156bd8000021	11882	android	com.dl.game.pppopstar	消灭星星	com.xingame.uipd
4ea7c8995270151923000014	11429	android	unknow	gold miner	com.junction.fire.gametemplate.GameTemplate
4f14ef1a5270154542000020	11387	android	unknow	简易背单词：英语四级六级	hakon
50ecea795270154386000014	11310	android	unknow	滑雪大冒险	com.yodo1tier1.ido155.SkiSafari
5170f8f656240b4e76006048	11259	android	unknow	Google: Cake maker	com.libiitech.cakesalon
519adb2e56240b7c90001f0c	11036	android	unknow	精品小说	com.example.xiaoshuo
517a095e56240b8c2c0032ed	10862	android	unknow	我的世界	com.mworld.newgame
51760429527015265b00000a	10772	android	unknow	水果情迷2	com.cqbpgame.dacaiqiud
519c6c0d527015bcbb000004	10588	android	unknow	wwe	com.chCity.jigsaw.app001.Fighting.Game
51480aad56240b33b00046ed	10551	android	unknow	tvboxplugin	com.yftech.tvbox.plugin
507e7c1d527015110c000035	10424	android	unknow	5_RacingMoto	com.woiybvqjope.wfi.ad.ExitAdActivity
508a64315270157d8c0000f7	10335	android	unknow	泡泡龙-最后防线	net.lazyer.wiyun.ppl.yxjd
5105e8135270152a6800005d	10309	android	unknow	开心麻将	com.etgame.majiang
510f731b5270150888000008	10309	android	unknow	Wedding (Google Play)	com.libiitech.weeding
50f8bb4b5270153232000061	10282	android	unknow	Crazy Star	com.game7.crazystar
512dbd885270156eaf00002f	10022	android	unknow	 泡泡龙_悠悠村	net.lazyer.frozenbubble.uucun
